INSERT INTO "Attendance" (id, "studentId", "courseId", date, status, "createdAt", "updatedAt") VALUES
  (gen_random_uuid(), '7144c201-e42e-44d6-89f0-6824584b580f', '5c374296-1182-4a92-93d0-f237d6fcc8e4', '2025-05-30', 'PRESENT', '2025-05-29 10:20:14.681', '2025-05-29 10:20:14.681'),
  (gen_random_uuid(), 'ce4535d0-572d-4496-a302-3563be6325ca', '5c374296-1182-4a92-93d0-f237d6fcc8e4', '2025-05-30', 'PRESENT', '2025-05-29 10:20:14.681', '2025-05-29 10:20:14.681'),
  (gen_random_uuid(), '3a504c57-b47d-4cd8-92bf-4988530a49d4', '5c374296-1182-4a92-93d0-f237d6fcc8e4', '2025-05-30', 'ABSENT', '2025-05-29 10:20:14.681', '2025-05-29 10:20:14.681'),
  (gen_random_uuid(), '636a18dc-c3fb-4627-9006-d1fadd4e714c', '5c374296-1182-4a92-93d0-f237d6fcc8e4', '2025-05-30', 'PRESENT', '2025-05-29 10:20:14.681', '2025-05-29 10:20:14.681'),
  (gen_random_uuid(), '22d84ce3-6aa3-4c08-b4e6-a3a90dde7bc8', '5c374296-1182-4a92-93d0-f237d6fcc8e4', '2025-05-30', 'ABSENT', '2025-05-29 10:20:14.681', '2025-05-29 10:20:14.681'),
  (gen_random_uuid(), '772824a6-fa50-45b6-a21d-17ef4c5f1d4e', '5c374296-1182-4a92-93d0-f237d6fcc8e4', '2025-05-30', 'PRESENT', '2025-05-29 10:20:14.681', '2025-05-29 10:20:14.681'),
  (gen_random_uuid(), '0e917744-c7ef-4803-a24f-3fdce897dd77', '5c374296-1182-4a92-93d0-f237d6fcc8e4', '2025-05-30', 'ABSENT', '2025-05-29 10:20:14.681', '2025-05-29 10:20:14.681'),
  (gen_random_uuid(), '8c4c20ad-f591-4907-97bf-b0e8618f664d', '5c374296-1182-4a92-93d0-f237d6fcc8e4', '2025-05-30', 'ABSENT', '2025-05-29 10:20:14.681', '2025-05-29 10:20:14.681'),
  (gen_random_uuid(), 'e5742f30-2d36-488c-af44-0c5824604e71', '5c374296-1182-4a92-93d0-f237d6fcc8e4', '2025-05-30', 'PRESENT', '2025-05-29 10:20:14.681', '2025-05-29 10:20:14.681'),
  (gen_random_uuid(), '0e604dbf-6249-465a-9ba4-36d5960d3d3c', '5c374296-1182-4a92-93d0-f237d6fcc8e4', '2025-05-30', 'ABSENT', '2025-05-29 10:20:14.681', '2025-05-29 10:20:14.681'),
  (gen_random_uuid(), '2fef0582-b622-4cba-8337-180c973e0ffb', '5c374296-1182-4a92-93d0-f237d6fcc8e4', '2025-05-30', 'PRESENT', '2025-05-29 10:20:14.681', '2025-05-29 10:20:14.681'),
  (gen_random_uuid(), '333f3f38-d297-47b4-8e3b-243f6fe4ae97', '5c374296-1182-4a92-93d0-f237d6fcc8e4', '2025-05-30', 'ABSENT', '2025-05-29 10:20:14.681', '2025-05-29 10:20:14.681'),
  (gen_random_uuid(), '035af83c-b6c2-40bc-9889-2b32f41661a4', '5c374296-1182-4a92-93d0-f237d6fcc8e4', '2025-05-30', 'PRESENT', '2025-05-29 10:20:14.681', '2025-05-29 10:20:14.681'),
  (gen_random_uuid(), 'e60ac4af-babb-46f3-a59c-4b7b0fffd773', '5c374296-1182-4a92-93d0-f237d6fcc8e4', '2025-05-30', 'ABSENT', '2025-05-29 10:20:14.681', '2025-05-29 10:20:14.681'),
  (gen_random_uuid(), '059be7de-9373-4744-a121-2cdcec878366', '5c374296-1182-4a92-93d0-f237d6fcc8e4', '2025-05-30', 'PRESENT', '2025-05-29 10:20:14.681', '2025-05-29 10:20:14.681'),
  (gen_random_uuid(), '21061152-d3fc-4f38-804e-1a6e8f1d1ccc', '5c374296-1182-4a92-93d0-f237d6fcc8e4', '2025-05-30', 'PRESENT', '2025-05-29 10:20:14.681', '2025-05-29 10:20:14.681'),
  (gen_random_uuid(), '4f30a1ba-2ebd-48f5-8900-69aefadbb3d4', '5c374296-1182-4a92-93d0-f237d6fcc8e4', '2025-05-30', 'PRESENT', '2025-05-29 10:20:14.681', '2025-05-29 10:20:14.681'),
  (gen_random_uuid(), '29fa7870-a2a9-4235-a934-9ce593372ef8', '5c374296-1182-4a92-93d0-f237d6fcc8e4', '2025-05-30', 'PRESENT', '2025-05-29 10:20:14.681', '2025-05-29 10:20:14.681'),
  (gen_random_uuid(), 'dfc1081d-3dd4-4890-b17c-ad4de0ee1026', '5c374296-1182-4a92-93d0-f237d6fcc8e4', '2025-05-30', 'ABSENT', '2025-05-29 10:20:14.681', '2025-05-29 10:20:14.681'),
  (gen_random_uuid(), 'df5848f3-78d4-4f62-aae3-fee5987d9ac8', '5c374296-1182-4a92-93d0-f237d6fcc8e4', '2025-05-30', 'ABSENT', '2025-05-29 10:20:14.681', '2025-05-29 10:20:14.681'),
  (gen_random_uuid(), '4f9d5efa-fdf2-4921-baf6-34419e396bcd', '5c374296-1182-4a92-93d0-f237d6fcc8e4', '2025-05-30', 'PRESENT', '2025-05-29 10:20:14.681', '2025-05-29 10:20:14.681'),
  (gen_random_uuid(), '593e7eaf-498a-468a-8133-eae7ba4e72db', '5c374296-1182-4a92-93d0-f237d6fcc8e4', '2025-05-30', 'PRESENT', '2025-05-29 10:20:14.681', '2025-05-29 10:20:14.681'),
  (gen_random_uuid(), 'abfc7617-2e24-4728-9035-f10ea1b499d4', '5c374296-1182-4a92-93d0-f237d6fcc8e4', '2025-05-30', 'PRESENT', '2025-05-29 10:20:14.681', '2025-05-29 10:20:14.681'),
  (gen_random_uuid(), '25069052-10ac-441e-a3bf-cbff83506875', '5c374296-1182-4a92-93d0-f237d6fcc8e4', '2025-05-30', 'PRESENT', '2025-05-29 10:20:14.681', '2025-05-29 10:20:14.681'),
  (gen_random_uuid(), '8f7b2acf-8aa8-44a1-bb41-40df3a03ed74', '5c374296-1182-4a92-93d0-f237d6fcc8e4', '2025-05-30', 'ABSENT', '2025-05-29 10:20:14.681', '2025-05-29 10:20:14.681');

  INSERT INTO "Student" (id, "userId", "rollNumber", "enrollmentNumber", "department", "currentSemester") VALUES
('035af83c-b6c2-40bc-9889-2b32f41661a4', '46a880e2-2fbc-48cf-9401-ea0bd90b0e53', '22115001', 'EN2211501', 'Computer Science Engineering', 6),
('e5742f30-2d36-488c-af44-0c5824604e71', 'ec652459-3200-4c10-a151-623e81cd526a', '22115002', 'EN2211502', 'Computer Science Engineering', 6),
('25069052-10ac-441e-a3bf-cbff83506875', '809f02cd-daa2-4920-bda8-9c8ea48e85f7', '22115003', 'EN2211503', 'Computer Science Engineering', 6),
('333f3f38-d297-47b4-8e3b-243f6fe4ae97', '7182ad2f-5751-45bc-bdfa-ac2b791f119c', '22115004', 'EN2211504', 'Computer Science Engineering', 6),
('ce4535d0-572d-4496-a302-3563be6325ca', '1a9915ee-dbdc-45f9-be04-027144497e1f', '22115005', 'EN2211505', 'Computer Science Engineering', 6),
('2fef0582-b622-4cba-8337-180c973e0ffb', '9cc63cd0-fbd3-49c7-a9b4-878ce22de10d', '22115006', 'EN2211506', 'Computer Science Engineering', 6),
('abfc7617-2e24-4728-9035-f10ea1b499d4', '7473e30b-6a5d-4f02-a5f9-7c61e923da88', '22115007', 'EN2211507', 'Computer Science Engineering', 6),
('772824a6-fa50-45b6-a21d-17ef4c5f1d4e', 'd5be732e-1f60-4bc4-8a3c-d0eef30ba221', '22115008', 'EN2211508', 'Computer Science Engineering', 6),
('dfc1081d-3dd4-4890-b17c-ad4de0ee1026', '70664165-7b11-43e5-b5e7-3ec5c7e5be1b', '22115009', 'EN2211509', 'Computer Science Engineering', 6),
('e60ac4af-babb-46f3-a59c-4b7b0fffd773', 'bacd12b0-d1ab-4ef6-bd77-d8fe5e8d40dd', '22115010', 'EN2211510', 'Computer Science Engineering', 6),
('df5848f3-78d4-4f62-aae3-fee5987d9ac8', '9f0fdd81-43f7-496e-b0f7-ac55ebc958e4', '22115011', 'EN2211511', 'Computer Science Engineering', 6),
('0e604dbf-6249-465a-9ba4-36d5960d3d3c', '39b5b140-728c-4799-b130-b184b465b9fa', '22115012', 'EN2211512', 'Computer Science Engineering', 6),
('8f7b2acf-8aa8-44a1-bb41-40df3a03ed74', '1484a1e9-834d-4462-a904-4b2ecb187a5a', '22115013', 'EN2211513', 'Computer Science Engineering', 6),
('21061152-d3fc-4f38-804e-1a6e8f1d1ccc', '100d3cc6-71d5-4c96-9cff-d49edf9f28ef', '22115014', 'EN2211514', 'Computer Science Engineering', 6),
('3a504c57-b47d-4cd8-92bf-4988530a49d4', '0bff2f89-0f2f-46ee-a60e-5d4642ee7cca', '22115015', 'EN2211515', 'Computer Science Engineering', 6),
('7144c201-e42e-44d6-89f0-6824584b580f', '81da63b8-82e4-4714-8bd1-e58e3ba225b8', '22115016', 'EN2211516', 'Computer Science Engineering', 6),
('29fa7870-a2a9-4235-a934-9ce593372ef8', '2ef97012-3730-4e0b-a341-4e4bc1b2d203', '22115017', 'EN2211517', 'Computer Science Engineering', 6),
('8c4c20ad-f591-4907-97bf-b0e8618f664d', 'ee55b3be-59cc-4ac9-b010-4165a51485c2', '22115018', 'EN2211518', 'Computer Science Engineering', 6),
('593e7eaf-498a-468a-8133-eae7ba4e72db', '54551827-8796-41a6-8f06-80c7e3ccca9d', '22115019', 'EN2211519', 'Computer Science Engineering', 6),
('0e917744-c7ef-4803-a24f-3fdce897dd77', '56527179-2731-4bd4-9310-1c0400b8509d', '22115020', 'EN2211520', 'Computer Science Engineering', 6),
('059be7de-9373-4744-a121-2cdcec878366', 'c7042788-094f-4421-a86c-8da0fe4b7efd', '22115021', 'EN2211521', 'Computer Science Engineering', 6),
('636a18dc-c3fb-4627-9006-d1fadd4e714c', 'c2fa3c17-9cf3-4596-9977-ade7d18bf382', '22115022', 'EN2211522', 'Computer Science Engineering', 6),
('4f30a1ba-2ebd-48f5-8900-69aefadbb3d4', '5f7f71f7-f760-4e9b-b086-c3d44699da9e', '22115023', 'EN2211523', 'Computer Science Engineering', 6),
('4f9d5efa-fdf2-4921-baf6-34419e396bcd', '114b4bcd-7089-426e-a623-7adfed7c298a', '22115024', 'EN2211524', 'Computer Science Engineering', 6),
('22d84ce3-6aa3-4c08-b4e6-a3a90dde7bc8', 'c2935aad-c6ee-4a47-a266-86c956462c84', '22115025', 'EN2211525', 'Computer Science Engineering', 6);

INSERT INTO "StudentSubject" (id, "studentId", "subjectId") VALUES
(gen_random_uuid(), '035af83c-b6c2-40bc-9889-2b32f41661a4', '267bcdb8-e678-48f2-a133-6bcb52919ac7'),
(gen_random_uuid(), 'e5742f30-2d36-488c-af44-0c5824604e71', '267bcdb8-e678-48f2-a133-6bcb52919ac7'),
(gen_random_uuid(), '25069052-10ac-441e-a3bf-cbff83506875', '267bcdb8-e678-48f2-a133-6bcb52919ac7'),
(gen_random_uuid(), '333f3f38-d297-47b4-8e3b-243f6fe4ae97', '267bcdb8-e678-48f2-a133-6bcb52919ac7'),
(gen_random_uuid(), 'ce4535d0-572d-4496-a302-3563be6325ca', '267bcdb8-e678-48f2-a133-6bcb52919ac7'),
(gen_random_uuid(), '2fef0582-b622-4cba-8337-180c973e0ffb', '267bcdb8-e678-48f2-a133-6bcb52919ac7'),
(gen_random_uuid(), 'abfc7617-2e24-4728-9035-f10ea1b499d4', '267bcdb8-e678-48f2-a133-6bcb52919ac7'),
(gen_random_uuid(), '772824a6-fa50-45b6-a21d-17ef4c5f1d4e', '267bcdb8-e678-48f2-a133-6bcb52919ac7'),
(gen_random_uuid(), 'dfc1081d-3dd4-4890-b17c-ad4de0ee1026', '267bcdb8-e678-48f2-a133-6bcb52919ac7'),
(gen_random_uuid(), 'e60ac4af-babb-46f3-a59c-4b7b0fffd773', '267bcdb8-e678-48f2-a133-6bcb52919ac7'),
(gen_random_uuid(), 'df5848f3-78d4-4f62-aae3-fee5987d9ac8', '267bcdb8-e678-48f2-a133-6bcb52919ac7'),
(gen_random_uuid(), '0e604dbf-6249-465a-9ba4-36d5960d3d3c', '267bcdb8-e678-48f2-a133-6bcb52919ac7'),
(gen_random_uuid(), '8f7b2acf-8aa8-44a1-bb41-40df3a03ed74', '267bcdb8-e678-48f2-a133-6bcb52919ac7'),
(gen_random_uuid(), '21061152-d3fc-4f38-804e-1a6e8f1d1ccc', '267bcdb8-e678-48f2-a133-6bcb52919ac7'),
(gen_random_uuid(), '3a504c57-b47d-4cd8-92bf-4988530a49d4', '267bcdb8-e678-48f2-a133-6bcb52919ac7'),
(gen_random_uuid(), '7144c201-e42e-44d6-89f0-6824584b580f', '267bcdb8-e678-48f2-a133-6bcb52919ac7'),
(gen_random_uuid(), '29fa7870-a2a9-4235-a934-9ce593372ef8', '267bcdb8-e678-48f2-a133-6bcb52919ac7'),
(gen_random_uuid(), '8c4c20ad-f591-4907-97bf-b0e8618f664d', '267bcdb8-e678-48f2-a133-6bcb52919ac7'),
(gen_random_uuid(), '593e7eaf-498a-468a-8133-eae7ba4e72db', '267bcdb8-e678-48f2-a133-6bcb52919ac7'),
(gen_random_uuid(), '0e917744-c7ef-4803-a24f-3fdce897dd77', '267bcdb8-e678-48f2-a133-6bcb52919ac7'),
(gen_random_uuid(), '059be7de-9373-4744-a121-2cdcec878366', '267bcdb8-e678-48f2-a133-6bcb52919ac7'),
(gen_random_uuid(), '636a18dc-c3fb-4627-9006-d1fadd4e714c', '267bcdb8-e678-48f2-a133-6bcb52919ac7'),
(gen_random_uuid(), '4f30a1ba-2ebd-48f5-8900-69aefadbb3d4', '267bcdb8-e678-48f2-a133-6bcb52919ac7'),
(gen_random_uuid(), '4f9d5efa-fdf2-4921-baf6-34419e396bcd', '267bcdb8-e678-48f2-a133-6bcb52919ac7'),
(gen_random_uuid(), '22d84ce3-6aa3-4c08-b4e6-a3a90dde7bc8', '267bcdb8-e678-48f2-a133-6bcb52919ac7');